CV,Cabo Verde,2033,Female,100,4956,4967,4982,5004,5031,5101,5189,5286,5399,5479,5524,5544,5543,5526,5487,5418,5341,5258,5199,5137,5056,4978,4899,4869,4866,4854,4837,4796,4794,4840,4890,4930,4951,4996,5086,5200,5294,5353,5395,5455,5481,5445,5416,5379,5347,5245,5129,5006,4797,4641,4424,4181,4028,4293,2910,3104,3443,3235,2898,2743,2801,2475,2485,2721,2753,2919,2890,2448,2635,2454,2517,2327,1740,2109,1763,1704,1529,1384,1337,1119,988,956,794,703,432,394,371,383,380,307,219,179,169,180,122,104,75,52,41,24,44,74,child,1763
TW,Taiwan,1994,Male,100,167664,166874,165565,168752,160527,169033,170119,162248,168853,182847,191163,198896,206662,208478,209316,209211,202173,204877,198661,182166,180871,180838,184539,189666,193649,194417,191000,193873,198808,200249,202707,202640,199926,197720,195785,191202,184631,183149,184528,176919,169447,165176,163995,152687,135726,123344,109042,94063,81945,84055,90507,90434,90269,90349,87373,83115,80544,78357,76355,75429,74665,75464,78969,82495,82838,80532,77845,74433,70495,63735,56145,52407,49767,44360,37643,32847,29627,26161,22950,20801,18708,17157,13627,9843,8119,6324,4903,3801,2841,2048,1503,1079,754,517,342,221,138,85,50,28,33,2,child,165565
GR,Greece,2032,Male,100,45061,44906,44756,44613,44495,44403,44358,44364,44437,44581,44819,45150,45573,46083,46680,47369,48143,48950,49774,50589,51455,52359,53186,53920,54548,55128,55660,56048,56337,56518,56562,56491,56340,56437,57110,57084,57276,58516,58594,59248,59831,60385,61290,61940,63373,65345,67909,70710,73559,76262,78795,81231,82263,82244,82229,82472,82792,82616,81902,81134,80875,80441,79565,78491,77422,75667,72841,69513,66306,64164,62359,61299,59816,57200,54381,51823,49411,46556,43297,40779,38487,35871,32649,29568,27321,25332,22608,18953,15287,12883,11174,10027,8910,7438,6046,4844,3893,2994,2213,1609,3282,1,child,44906
RS,Russia,2045,Male,100,627853,636727,644717,650982,655296,658246,660153,660569,658879,655212,650473,645478,640527,635858,631806,628937,628020,629589,634441,642683,654574,670419,689098,710357,733802,759107,786754,814977,841823,866599,888355,907447,923798,936218,944713,941098,922673,885531,828253,790377,794078,795887,767678,725195,691695,666866,667970,676264,679194,699591,720323,723975,759617,842229,915840,978383,1079846,1116996,1102402,1037997,1027798,1019978,938587,870050,838846,797624,767133,728498,709023,668617,633374,589278,570070,526691,498222,456266,396636,366510,356130,332987,318862,309563,291060,271439,244533,208187,180806,153367,125748,105261,87495,65432,52665,40646,30238,23764,15144,10509,7075,3136,6392,10,child,650473
MZ,Mozambique,1989,Male,100,257640,208852,190149,180892,174989,170648,173289,173872,169928,175945,175892,171291,167475,164661,161490,156527,150120,143522,136651,130317,123059,115199,108286,103492,98708,95342,95584,94474,90952,87390,85233,82501,81907,78847,75845,73168,70778,68468,65533,62580,59820,57372,55308,53032,50777,48627,46633,44795,42744,40672,38723,36970,35452,33657,31836,30119,28518,27033,25268,23452,21745,20238,18969,17579,16190,14896,13737,12710,11454,10190,9068,8149,7442,6603,5766,5017,4387,3863,3247,2651,2128,1709,1386,1047,744,531,410,348,253,173,116,75,48,29,18,11,6,4,2,1,1,24,child,98708
BD,Bermuda,2041,Female,100,353,355,358,359,364,367,369,371,374,379,382,385,386,388,393,394,396,399,403,400,400,401,401,407,399,395,401,402,398,391,402,393,398,401,407,415,423,425,426,425,429,427,428,435,457,435,407,413,439,483,441,429,425,422,415,414,415,403,399,386,376,365,363,359,353,362,365,366,378,380,388,397,415,432,462,483,510,517,523,516,494,485,466,430,402,358,325,293,259,235,210,183,160,136,120,101,85,70,55,46,129,11,child,385
GV,Guinea,1978,Male,97,87702,78608,73294,69282,65924,63114,60725,58607,56642,54791,53053,51444,49891,48373,46879,45420,43994,42612,41255,39905,38556,37214,35885,33613,32798,31336,30248,29522,28879,28106,27181,26123,25075,24322,23633,22932,22180,21392,20652,19976,19311,18645,17973,17331,16720,16132,15570,15002,14431,13878,13321,12802,12283,11771,11250,10748,10257,9770,9287,8804,8329,7860,7394,6929,6477,6024,5591,5156,4732,4308,3902,3509,3125,2757,2412,2085,1781,1506,1252,1024,819,643,495,367,269,192,136,98,66,43,28,18,11,7,4,2,1,1,0,0,0,42,child,17973
BX,Brunei,1991,Male,100,3140,3463,3419,3448,3451,3312,3109,2927,2839,2776,2979,2846,2734,2640,2556,2510,2505,2503,2487,2478,2485,2511,2555,2615,2700,2734,2726,2747,2814,2905,2974,3004,2996,2923,2812,2700,2594,2463,2305,2134,1950,1769,1602,1459,1332,1219,1105,1008,928,860,808,772,732,682,634,582,538,503,477,453,443,422,411,382,355,322,302,277,259,246,231,217,201,183,167,150,136,125,115,109,96,80,70,59,47,39,29,23,17,13,7,8,4,2,2,1,1,0,0,0,1,10,child,2979
ES,El Salvador,2046,Female,100,30777,30898,31078,31313,31607,31970,32427,32956,33533,34163,34785,35384,35980,36569,37133,37603,37976,38308,38529,38657,38648,38533,38338,38022,37574,37090,36770,36540,36255,35912,35567,35546,35800,36012,36190,36366,37045,38175,39262,40423,41486,42800,44063,45400,46698,47890,49102,50356,51412,52372,53031,52860,51804,50971,50115,48938,47681,46279,44962,43561,42170,41243,40502,39785,39236,38912,38355,37563,36309,35256,34518,33490,32302,30947,29717,28620,27301,26122,25076,23910,22521,20891,19144,17415,15643,13913,12292,10907,9708,8531,7366,6268,5251,4339,3528,2825,2223,1729,1323,989,2167,27,child,36540
SL,Sierra Leone,2000,Male,100,71366,63427,60026,57429,55239,53248,51609,50292,49415,49326,49014,47249,46039,44882,43399,41512,39870,38442,37148,35830,34435,33405,32639,32061,31513,30481,29948,29273,28372,28070,27851,27885,27492,26604,24661,22133,19950,17970,16403,15216,14235,13598,13016,12617,12381,12067,12010,12008,11932,11707,11185,10805,10467,10192,10004,9653,9500,9313,9104,8803,8273,7903,7542,7195,6795,6241,5857,5473,5133,4763,4303,3977,3659,3345,2955,2507,2157,1846,1588,1344,1092,916,758,628,504,377,303,236,185,132,86,69,49,36,23,13,9,5,4,2,3,40,child,14235
SC,Saint Kitts and Nevis,2013,Female,100,346,348,351,354,354,358,349,342,339,355,387,411,429,435,431,440,431,402,412,402,381,371,393,414,396,371,387,400,420,423,398,388,396,401,380,365,429,404,347,378,364,370,359,347,347,353,367,371,373,371,377,367,372,367,361,342,324,303,274,246,225,196,177,169,145,137,130,128,122,114,111,101,105,101,91,87,83,77,77,74,71,71,68,61,59,54,47,41,35,29,24,20,17,16,11,10,7,6,3,4,4,86,child,47
UZ,Uzbekistan,2025,Male,100,235084,238020,240926,243369,245111,245937,246344,246411,245564,243817,241242,239422,238382,236690,234555,232265,232273,234100,235071,235447,235632,238030,245606,253572,250623,248398,253127,265571,283687,296223,295132,294361,304993,313057,309585,298764,293651,299366,298885,290401,274587,256533,241629,232293,222418,214512,206190,194774,192402,189757,181121,175416,171342,164850,157556,145666,143181,138973,133504,134148,132411,130488,128337,125730,124995,115562,105702,97284,86412,77182,68305,60027,55736,50860,45679,38971,30753,27479,23813,16691,11611,10397,13460,15390,15890,14870,12823,10661,8890,6851,4915,3843,3360,2446,2008,1609,1231,874,550,328,414,42,child,241629
CA,Canada,2014,Male,100,183035,182599,182141,181689,181318,181303,181719,182288,183193,184499,185563,185573,187464,189466,192841,198808,198345,208885,223833,228806,233544,237845,244966,245710,246468,238344,233572,236198,240408,241249,239594,238078,238215,237535,235961,230969,227633,227226,228755,227859,220459,221885,224910,232522,233747,231089,231567,236701,249364,267205,275114,277890,274115,275564,270381,263730,260542,253555,242922,239712,230145,219837,213383,208740,203636,198430,196663,194659,168696,155789,148357,141166,129002,121166,112083,105722,98337,91386,87604,81503,75782,72461,68229,62728,56843,49961,45063,39570,32601,27606,23054,19069,15578,12606,10054,7877,6037,4505,3291,2367,4637,89,child,27606
VE,Venezuela,2030,Female,100,263870,264616,265374,266078,266655,267221,267767,268181,268488,268730,268923,269099,269282,270128,270992,271745,272220,272348,272058,270776,269823,269139,268116,267327,266281,264884,263205,261395,259251,257417,257004,257651,258166,258561,258820,259256,259805,260083,259972,257672,256674,253646,251189,249107,246890,244038,240071,234966,228706,221314,213796,206683,200461,195668,191922,188338,184367,180319,176055,171686,167290,163106,159235,155731,152392,149108,145515,141303,136327,130869,125190,119490,113912,108609,103408,98242,92822,86924,80413,73501,66582,59884,53337,47065,41159,35526,30388,26040,22507,19507,16812,14239,11769,9424,7325,5548,4124,3045,2205,1555,2705,11,child,269099
NU,Nicaragua,2040,Female,100,40595,40950,41362,41818,42312,42869,43479,44075,44674,45280,45873,46445,46979,47468,47854,48183,48445,48597,48626,48483,48337,48186,47899,47509,47036,46822,46875,46870,46822,46741,47166,48076,48853,49527,50144,51109,52306,53371,54288,55049,55620,55961,56206,57427,59489,61212,62464,63105,61638,57887,54314,51733,50382,49217,48248,47458,46596,45722,44639,43303,41408,39431,37841,36557,35056,33766,32552,31420,30515,28368,28324,27576,26427,25196,23863,22340,20806,19030,17306,15728,14215,12872,11544,10382,9298,8255,7214,6252,5289,4392,3602,2935,2382,1913,1498,1151,863,641,464,329,615,42,child,56206
UG,Uganda,2022,Female,100,881500,853472,829252,806616,784872,763701,742924,721994,700562,679459,658694,638239,618298,599827,582883,565979,548612,530953,513709,496785,481536,465781,448806,431554,416203,402292,390368,376561,361839,344942,327768,312718,297474,281122,264458,248721,233285,217913,203875,191107,179654,168550,159013,150849,143844,135368,128182,120329,114793,111356,107312,103357,98726,91170,85271,81763,78795,76965,74476,70470,67379,62556,58189,52986,47735,43647,40377,38255,35597,32891,30652,28547,26905,25102,23065,21300,19669,18317,16901,15522,14144,12547,10893,9351,7987,6734,5570,4551,3630,2832,2157,1597,1145,795,538,357,229,145,88,53,65,98,child,88
GR,Greece,2004,Female,100,49934,49767,49520,49195,48790,48627,48977,49153,48849,49294,49611,49896,50512,51622,52372,52911,54426,56431,58998,61887,65066,68410,71685,74710,76593,77599,78358,79820,81131,81967,81807,81611,81459,81807,82806,83756,84011,83123,81270,79096,77043,76299,75912,76601,76977,75645,74359,73390,72701,71115,68919,68440,68126,67495,66241,65457,66225,67465,66809,62798,56522,54357,55139,59075,62701,62931,62676,62777,64107,63365,60699,59390,57671,57910,56929,53620,51112,48413,45708,40844,34707,30755,27748,25228,22287,18621,16350,14265,12832,11403,9325,8093,6696,5307,4011,2721,1936,1394,1038,716,1095,100,child,1095
EZ,Czechia,2011,Female,100,54899,57784,58546,57932,54039,51271,49436,47178,45932,45335,44783,44544,44618,44881,44833,46139,50125,56305,60247,62335,64466,65219,67182,67933,68640,69821,70604,70835,72115,73229,75157,82313,87397,89556,90809,94319,95855,92370,85311,78635,74824,71192,68556,67521,67533,69210,72329,72896,67266,63656,62289,61504,63472,69897,73476,74991,76187,76423,77524,79250,78661,76789,76315,79338,80348,69766,64888,64907,59555,54592,52011,48290,44325,41450,39526,38760,38122,37787,37773,37221,36285,33594,30451,27984,25559,23211,20590,18123,15299,12222,9397,6307,3699,2151,1603,1462,1389,1169,747,484,714,55,child,74991
JM,Jamaica,2016,Male,100,27070,26961,26981,26998,27063,27177,27242,27367,27615,27859,28148,28499,28842,29159,29440,29672,30548,31320,31675,31977,33017,33110,31426,31021,31424,31286,30571,28441,26028,25301,25001,24457,24293,24066,22701,21170,19972,18911,17967,17135,16342,15675,15053,14462,14041,13890,13604,13084,12371,11696,11586,11337,10913,10345,9685,9367,9109,8899,8716,8424,8000,7705,7554,7520,7460,7205,6958,6732,6522,6293,6004,5762,5544,5336,5134,4879,4582,4250,3895,3531,3145,2821,2570,2356,2145,1926,1682,1409,1150,916,726,565,437,331,247,176,122,86,58,38,60,11,child,28499
CO,Colombia,2038,Female,100,314598,316697,318968,321353,323803,326320,328895,331450,334485,337954,341276,344409,347281,349986,352501,354580,356238,357472,358760,360113,360938,361365,361527,362116,363128,363712,364144,364581,365540,366873,367951,369057,370265,371475,372797,374584,376918,380514,384704,388728,392345,395195,397464,399223,400101,399703,398052,394629,389623,383450,376564,368424,358926,349523,340641,331248,320966,309883,299878,292069,290205,292794,293854,289716,281287,272152,284696,287761,286004,281166,273808,265571,256834,247556,236862,224424,211660,198863,186208,173269,159772,146375,132984,119624,106324,93515,81586,70694,60872,51987,43975,36700,30215,24518,19590,15457,12010,9193,6935,5143,11015,76,child,211660
QA,Qatar,1997,Male,99,5261,5281,5335,5462,5461,5237,5339,5582,5553,5368,5061,4351,4278,4359,4384,4394,4421,4492,4614,4796,5045,5354,5697,6052,6384,6675,6931,7164,7404,7670,7961,8168,8306,8523,8891,9366,9881,10292,10458,10258,9772,9187,8620,8033,7410,6779,6133,5489,4882,4340,3853,3386,2936,2556,2252,2019,1833,1655,1486,1321,1163,1014,891,778,664,564,468,382,325,272,258,245,230,211,187,157,137,124,105,88,76,60,47,39,31,21,16,14,9,8,3,5,1,1,2,0,0,0,0,1,0,23,child,6052
BP,Solomon Islands,2013,Male,100,8054,7940,7857,7795,7741,7687,7627,7563,7502,7436,7362,7274,7175,7068,6949,6814,6681,6534,6377,6211,6056,5890,5730,5553,5398,5241,5101,4966,4834,4704,4582,4464,4343,4289,4266,4249,4218,4203,4020,3835,3661,3496,3344,3191,3025,2866,2707,2548,2405,2263,2147,2036,1939,1842,1740,1642,1531,1434,1329,1263,1185,1126,1079,1021,976,947,909,875,847,812,765,715,667,615,571,519,468,426,378,335,297,258,227,192,162,136,110,90,71,55,43,31,25,16,12,9,5,3,4,2,1,77,child,426
HA,Haiti,2004,Female,100,128831,125754,124087,123372,123056,122667,122232,121763,121256,119381,116164,113014,110204,107784,105239,102535,100001,97322,94479,91605,88766,85918,83254,80483,77896,75417,73178,71001,68913,66958,65104,63206,61200,58749,56604,54514,52400,50308,48127,46200,44368,42455,40777,39106,37627,36222,34783,33499,32413,31239,30080,29140,28285,27571,26626,25641,24737,23828,23070,22201,21316,20467,19558,18688,17710,16768,15833,14925,14006,13066,12135,11233,10327,9434,8546,7695,6880,6086,5350,4660,4013,3422,2877,2385,1946,1553,1209,919,683,493,349,244,166,109,71,45,27,16,8,6,5,15,child,102535
VQ,Virgin Islands U.S.,2048,Male,100,249,250,253,255,258,263,263,267,270,268,273,276,276,278,279,280,281,277,270,265,264,262,251,254,242,246,237,234,229,232,230,224,219,214,205,207,203,205,207,218,237,243,293,313,278,279,243,210,276,292,296,271,246,349,381,409,450,497,521,406,361,398,469,494,504,575,519,464,461,454,466,498,508,497,508,519,526,524,510,485,463,446,441,412,376,344,310,281,261,220,186,153,130,109,79,68,50,42,35,24,54,74,child,508
MP,Mauritius,1990,Male,100,11059,10639,10094,9577,9356,9575,9994,10512,12023,12308,12171,11828,11436,11076,10789,10497,10126,9627,9235,9120,9329,9752,10324,10815,11081,11075,10870,10595,10381,10127,9882,9653,9319,8926,8618,8429,8327,8242,8091,7809,7365,6807,6207,5660,5180,4802,4510,4227,3949,3758,3666,3657,3694,3724,3689,3547,3345,3104,2904,2789,2791,2871,2972,3021,2973,2785,2511,2210,1945,1724,1566,1453,1344,1224,1098,965,832,708,596,499,418,346,282,223,175,134,101,74,54,38,26,18,12,6,6,2,2,1,0,0,1,32,child,9319
GT,Guatemala,1999,Male,100,183634,181931,180862,179637,178289,175254,171716,165852,162490,158455,154115,148284,144898,138438,133107,126843,122171,119242,115977,111032,106268,101611,97695,93888,89640,85311,80511,75130,69702,64481,60759,58655,57153,56332,55293,54666,53665,52061,50133,48618,47577,46639,45620,44579,43352,42230,40920,39552,38112,36554,35135,33741,32447,31224,29853,28354,26610,24794,22998,21265,19785,18582,17637,16773,15885,15145,14506,13946,13442,12901,12278,11488,10595,9698,8818,7947,7042,6172,5325,4536,3837,3216,2682,2209,1779,1415,1097,832,637,468,338,240,169,116,76,50,31,19,11,7,7,35,child,54666
RW,Rwanda,2029,Female,100,240866,233638,228107,222966,218387,214571,211193,207941,204617,202078,200415,198526,196037,193250,191390,190376,188558,185795,182578,179743,177364,174701,171554,166942,161549,156346,150953,145660,140221,135048,131321,129722,130586,118579,93261,94372,108198,106563,105827,105454,105066,103567,100813,97240,95237,94028,91499,86734,79043,74207,76174,75531,70209,61140,54200,53760,48497,44348,40621,38339,37769,36642,35311,32790,30824,30878,28691,26700,24168,22250,26230,24305,22606,20437,19295,15346,14260,12711,10616,9066,8552,7099,5815,4626,3761,3481,2832,2278,1804,1428,1175,899,672,476,335,238,158,99,61,36,51,95,child,238
MZ,Mozambique,1984,Male,100,253540,222272,210323,200248,203306,200928,194298,188907,185320,181988,177696,172144,165412,158154,151994,146134,140644,135523,130669,126030,121601,117410,113430,109589,105900,102418,99104,95900,92760,89732,86777,83789,80741,77684,74679,71806,69089,66569,64197,61926,59688,57469,55250,53043,50900,48849,46876,44978,43118,41309,39507,37648,35719,33759,31836,30011,28318,26781,25344,23960,22575,21154,19684,18203,16768,15429,14196,13079,12048,11067,10113,9185,8271,7381,6531,5734,4991,4299,3657,3035,2496,2012,1595,1243,952,714,525,379,266,182,122,80,51,32,18,12,6,4,1,1,1,49,child,41309
KV,Kosovo,2048,Male,100,12316,12408,12523,12645,12753,12849,12935,13039,13148,13232,13268,13324,13430,13540,13629,13657,13691,13770,13837,13888,13922,13956,14034,14110,14190,14318,14484,14644,14806,14968,15153,15367,15536,15663,15787,15893,16011,16115,16171,16223,16265,16126,16650,16796,15489,15570,16608,17061,17436,16802,14846,15624,15752,14832,14214,13754,15236,17247,17063,16809,16958,16000,14861,14549,13498,12858,11969,11842,10744,9930,9478,8937,8415,7876,7452,7147,6735,6332,5936,5567,5208,4708,4212,3720,3278,2893,2446,2014,1626,1300,1047,802,603,447,327,238,163,110,73,46,74,13,child,13540
SL,Sierra Leone,1981,Female,100,67533,60352,56971,54620,52830,51408,50207,49031,47541,46070,45521,45373,44995,43917,41935,39078,35629,32212,29022,26497,24902,24058,23429,22862,22697,22936,23454,24208,24931,25315,25173,24628,23979,23400,22808,22248,21699,21105,20445,19789,19150,18508,17882,17220,16489,15654,14759,13834,12948,12160,11517,10972,10483,9977,9435,8823,8179,7547,6976,6489,6099,5792,5505,5233,5017,4865,4754,4671,4573,4426,4203,3923,3854,3652,3439,3221,2990,2751,2503,2249,1989,1736,1490,1260,1047,854,682,535,410,307,226,160,113,75,50,32,20,12,6,5,5,78,child,2503
TU,Turkey,1993,Male,100,702020,702323,705918,708625,709802,709610,708050,713146,724372,733053,738986,742912,736912,708470,673432,651026,636936,627582,619654,610501,599294,585919,571295,557330,542273,527832,514069,501267,490800,481633,471011,457791,442743,426623,411152,397408,386238,376618,366776,355497,343165,329486,314926,300683,286998,273062,258827,244738,231009,218504,208115,200376,194815,189561,184729,182159,182199,183740,186072,187074,184783,178047,167984,157036,146365,135106,123512,111764,100130,88719,77575,66889,57068,47710,39818,34822,33042,33098,33717,33301,31126,26981,21929,17028,12976,10008,7937,6418,4909,3729,2808,2051,1427,950,618,391,241,144,84,47,54,76,child,33042
AQ,American Samoa,2040,Male,100,303,291,279,266,254,243,243,241,249,256,270,282,295,303,305,311,315,315,318,314,307,297,285,280,266,255,237,223,211,203,195,194,185,190,192,264,297,252,248,259,283,245,283,364,460,542,582,593,552,492,442,388,341,315,323,318,329,335,334,347,352,357,358,346,332,305,299,278,279,287,280,266,259,240,213,195,173,153,149,141,129,114,100,80,68,51,41,30,27,20,16,13,10,7,5,4,1,2,1,0,1,67,child,278
SN,Singapore,2036,Female,100,30200,30823,31384,31852,32244,32591,32909,33240,33587,33898,34203,34477,34726,35134,35692,36324,37166,38211,40025,42831,45943,48722,50379,51193,51786,52245,51896,53843,56921,57824,58491,59173,60085,61765,63308,65248,65786,65294,66512,67825,68227,68657,69175,69077,68512,68165,66804,68779,65871,61234,60897,61143,58808,58676,54763,51254,46670,43803,42255,42676,41111,42438,42806,42222,38903,36296,37223,35914,35780,35760,37126,32490,33497,32276,31846,31706,29691,29148,28166,27553,25940,23749,22224,20524,19056,17352,16395,15154,13872,13213,8246,5978,6880,5429,5139,5374,4672,3990,2771,1969,7095,1,child,30823
GJ,Grenada,2010,Female,99,877,881,885,887,864,926,938,844,848,894,892,874,964,992,996,1039,1013,1006,1045,1009,1004,1036,1077,1127,1111,1019,932,841,759,673,638,625,643,682,700,705,684,664,615,562,526,522,553,615,660,710,721,713,697,682,673,664,627,583,516,467,429,399,406,393,389,381,379,359,338,337,330,329,330,320,319,320,307,301,275,261,240,223,204,190,177,154,136,113,84,68,53,40,33,24,19,10,9,5,3,3,1,1,0,1,0,58,child,406
KS,Korea South,2048,Male,100,172462,172953,173458,173829,174233,174935,175902,176841,177882,179260,180827,182556,185027,188312,191880,195474,199210,203093,206700,209889,212798,215388,217218,217675,217630,217764,217830,218161,218876,219959,221477,223689,226847,229548,231466,245547,255709,253937,248806,248884,262151,259377,246332,254678,270874,277223,294094,330520,346348,348848,363956,377174,390070,399255,399768,399890,395857,377870,341864,349759,342656,331543,343861,335407,357283,382597,405180,418771,402747,377378,335633,329828,316584,319550,328451,318359,311718,292225,290265,287839,267501,218911,206217,193522,187965,185449,172603,157697,138732,122066,100718,81631,66067,57279,41342,28024,25933,15741,12798,10014,22260,43,child,254678
AJ,Azerbaijan,2028,Female,100,61254,61860,62587,63438,64574,66040,67687,69341,70662,71705,72694,73630,74481,74963,74938,74465,73668,72674,71512,71534,72492,72555,71207,67638,60806,55889,55526,58024,60880,63080,67028,68116,70580,78306,86333,91780,96348,97098,94060,93449,92352,91710,88804,85108,82187,77664,75842,73477,69636,67277,66408,66706,66035,64059,63216,63956,63814,65311,64081,64458,65434,66755,69001,67576,67104,66736,64566,63380,58839,53610,48769,44179,39880,34817,29797,27512,25315,23122,20165,17419,15429,12331,8618,5978,4859,5871,7121,7806,7571,7103,6354,5261,4050,2894,2107,1757,1186,961,719,490,761,64,child,67104
IV,Cote d'Ivoire,2033,Male,100,322655,318177,316355,315722,315709,315313,314557,313472,312708,312268,311489,310417,309075,308270,307949,307140,305812,303963,302284,300851,298966,296599,293766,291033,288475,285622,282404,278855,275400,272090,268568,264765,260653,255212,248319,241311,234493,227196,219873,212373,207133,204332,200207,195722,188966,180601,173092,165459,157414,150244,143596,137847,132248,126659,121717,117110,112892,108380,102794,96442,90176,85617,81876,77990,73396,67670,60990,53422,45730,38963,33917,31139,29830,28943,27810,26378,24603,22445,20196,18065,15952,13916,11906,10001,8264,6701,5348,4157,3155,2351,1719,1243,878,603,406,266,170,105,63,38,45,16,child,305812
IM,Isle of Man,2046,Male,100,449,451,454,457,460,460,462,464,466,467,467,473,476,483,490,492,499,506,514,515,527,527,533,538,539,542,551,545,549,550,552,553,557,564,561,571,572,583,576,571,571,571,543,578,597,586,597,636,616,574,579,596,598,606,623,636,611,584,566,567,542,556,510,512,543,544,534,513,497,502,499,516,506,557,544,541,534,511,484,465,448,434,406,373,347,301,279,240,217,186,153,143,121,101,83,71,60,47,39,31,60,65,child,544
MP,Mauritius,2022,Male,100,8776,8795,8820,8850,8877,8915,8966,9016,9065,9102,9153,9205,9275,9346,9405,9451,9494,9580,9715,9848,9953,10029,10086,9802,9587,9801,9928,10273,10635,10910,10977,10861,10666,10272,9739,9220,8986,9172,9566,10035,11478,11705,11503,11126,10696,10313,9957,9580,9132,8603,8153,7947,8064,8411,8868,9224,9411,9359,9078,8720,8417,8078,7743,7402,6977,6506,6112,5814,5565,5315,5029,4663,4207,3708,3204,2762,2377,2065,1805,1570,1345,1170,1036,928,828,733,628,512,404,310,234,179,141,109,85,63,43,28,17,9,13,83,child,928
LA,Laos,2018,Male,100,82054,80432,79584,79168,79008,78743,78415,78041,77815,77699,77412,77073,76662,77133,78400,79634,80544,81420,80319,77630,74891,72211,69574,67415,70560,70706,69323,67026,64322,61642,59222,57254,55707,54424,53128,51510,49363,46891,44279,41925,39997,38691,37837,37143,36355,35460,34340,33040,31695,30372,28983,27573,26171,24653,23199,22168,21677,21544,21674,21651,21045,19645,17711,15622,13772,12293,11337,10724,10202,9585,8920,8170,7381,6622,5939,5336,4808,4353,3936,3521,3093,2698,2274,1884,1531,1221,961,741,557,409,290,196,128,86,55,36,21,13,7,4,4,10,child,77412
DJ,Djibouti,2023,Female,100,10384,10182,10007,9871,9756,9619,9464,9289,9171,9117,9054,8977,8882,8866,8937,9024,9141,9247,9430,9491,9814,10453,10660,10836,10998,11102,11126,11113,11105,11075,11102,11001,11185,10586,9847,9314,9038,8646,8247,7916,7703,7535,7300,7111,6722,6389,6067,5786,5535,5270,4999,4740,4524,4320,4157,4013,3843,3666,3456,3227,2993,2751,2533,2347,2174,2030,1921,1813,1705,1619,1516,1413,1313,1204,1114,1003,913,815,740,649,566,488,421,355,297,244,198,161,123,97,71,53,38,26,18,12,8,5,4,2,2,5,child,9619
SO,Somalia,2031,Female,100,244169,235121,229591,224912,220681,216877,212445,207255,201980,196677,191549,186508,181663,177138,172734,168494,164317,160400,156985,153525,149768,145699,141569,137457,134943,131098,127932,124456,121241,117400,114325,111406,106321,99654,93758,87118,82065,74182,70690,76519,81146,81259,77679,69352,63519,62348,59854,58412,56231,54536,51352,48689,48373,46307,42604,42932,38724,39191,37804,37290,36591,34800,32489,30497,29093,28372,26673,24560,22696,21404,20302,18613,16743,14854,13140,11802,10086,8388,6863,5524,4960,4236,3532,2993,2727,2322,1873,1462,1128,875,673,486,340,234,162,112,73,44,25,16,19,49,child,54536
UP,Ukraine,2024,Male,100,196286,201063,206478,212287,218530,224755,231120,236609,242294,248476,252168,260476,260336,253982,256657,260411,249519,235957,224196,215640,210541,200152,191363,187397,193087,199008,213557,224817,240699,249906,258162,273970,297226,316744,329048,340259,360951,368861,381988,368329,379103,373552,335567,329986,334751,313911,308636,299514,313255,298843,292927,285142,286956,274178,262913,245098,250052,242775,242868,236967,247665,256195,253485,255663,256451,234445,226392,209150,197183,178928,175965,153119,155232,146964,137292,132200,99391,82758,72237,39226,46996,40268,48916,59681,51321,48183,46120,43502,27809,18328,11488,7996,9426,8365,8306,5269,4325,3055,1778,1047,1014,49,child,298843
TW,Taiwan,1999,Female,100,131455,140885,153743,154493,154532,154072,152708,150075,152958,147533,156585,157831,150975,158278,171632,179472,187336,194209,196159,196875,196459,190477,193930,188138,173458,172100,172404,175563,180610,183895,184402,180956,183970,189634,189878,192229,192319,189805,188166,186394,182976,176201,174923,175660,169342,162424,157967,157275,146173,128994,117366,103782,89452,78516,80317,86642,87153,87016,87634,85570,81817,78751,76346,73848,71499,67901,64682,63210,61578,58343,54972,51808,48843,45564,41587,38057,35623,33785,30138,25449,22374,20272,17691,15259,13643,11974,10247,8460,6586,5133,3795,2783,2055,1474,952,651,429,275,170,103,128,47,child,157275
KR,Kiribati,2036,Male,98,1083,1077,1075,1073,1073,1065,1070,1071,1072,1073,1072,1068,1067,1069,1065,1053,1040,1033,1023,1008,990,983,978,969,960,946,949,958,964,971,981,969,948,948,965,1015,1052,1060,1049,1029,970,931,917,955,905,882,896,892,860,829,786,783,708,641,595,559,533,502,474,444,413,376,354,334,324,332,341,348,348,326,302,270,246,216,197,178,158,138,121,106,88,75,63,49,41,33,28,24,17,11,10,8,4,3,2,1,0,0,2,0,0,99,child,0
IR,Iran,2029,Female,100,547236,552571,561879,573845,587364,601539,615568,629635,642904,654506,664149,671254,675689,676956,676120,673829,669175,661584,651253,640447,629550,619754,608484,599102,594765,589868,581590,573364,570564,566421,565320,581130,603217,637125,695290,745912,789809,841581,880972,896152,880752,873916,894042,859459,847566,827294,804233,780216,754530,725643,693361,657468,618222,577830,540665,511346,492509,481173,473151,463413,449933,430466,406997,382727,360813,341743,326640,314210,302552,289770,275496,259036,241112,223284,206171,189096,172258,155851,140056,125109,111148,98300,86604,75681,65767,57340,50377,44435,38980,33788,28940,24407,20225,16528,13247,10287,7707,5568,3891,2655,4681,89,child,33788
AA,Aruba,2043,Female,100,753,750,748,747,744,744,745,746,749,746,752,754,763,769,772,781,786,792,797,806,807,815,821,825,834,840,844,851,857,860,867,876,879,880,885,889,900,903,910,916,920,927,933,958,995,1042,1074,1085,1054,1047,1063,1068,1058,1042,1030,1030,1047,1063,1085,1075,1063,1036,970,933,898,856,835,822,826,819,819,808,791,754,744,755,770,789,813,791,763,715,652,580,538,490,452,410,377,329,288,242,201,170,137,109,85,67,49,36,85,0,child,753
FI,Finland,1995,Female,100,31361,31839,32193,32396,32203,31709,31257,30452,29849,30659,31826,32796,32946,32205,31575,31614,31744,32036,32541,32265,31263,29124,28105,29421,30767,31537,33235,35203,36075,36329,36781,37437,37435,37226,37285,37328,36869,37224,38741,39270,39536,39614,40024,40151,40408,41881,43161,43768,43394,40698,34849,30565,26976,29637,30225,27565,29256,27885,26595,26081,25771,24577,24733,25726,26577,27205,26914,25900,25483,25506,25028,24778,24065,23332,23061,19457,17665,18231,17050,16106,15652,14886,13928,12758,11447,10087,8607,7074,5881,4691,3603,2753,2048,1522,1164,744,541,324,202,125,167,13,child,32205
SO,Somalia,1992,Female,100,119619,116429,112027,105290,96733,90715,88572,84903,82337,80100,77937,73332,70095,69892,68785,64658,65538,60246,61229,59778,59049,58582,56780,53972,52131,50780,50492,48848,46258,44407,43046,42271,40566,38263,36215,33983,32434,29889,26997,24905,22808,22515,21645,20321,19476,19589,19590,19054,18142,17533,17098,17001,16336,15340,14640,14281,14188,13604,12730,12100,11533,11381,10819,10000,9333,8676,8302,7546,6639,6011,5563,5552,5199,4693,4396,4166,4163,3954,3606,3314,3020,2788,2397,1933,1569,1288,1164,841,639,498,372,275,192,126,84,54,39,25,13,7,9,90,child,372
BC,Botswana,2047,Male,100,23370,23605,23846,24080,24309,24530,24746,24944,25128,25304,25383,25372,25378,25404,25433,25353,25172,25023,24910,24801,24818,24956,25124,25309,25460,25605,25739,25862,25975,26013,25986,25891,25794,25690,25494,25161,24705,24211,23712,23173,22567,21874,20907,20184,19845,19468,19040,18596,18107,17590,17046,16495,15961,15498,15091,14627,14115,13601,13072,12536,12009,11584,11252,10884,10490,10070,9462,8746,8024,7347,6710,6164,5663,5211,4807,4443,4102,3794,3504,3219,2944,2684,2450,2224,2003,1790,1579,1374,1186,1019,870,738,616,507,409,325,253,196,148,110,265,16,child,25172
GG,Georgia,2038,Female,100,23463,23325,23182,23041,22944,22918,22965,23053,23127,23222,23466,23878,24389,24900,25345,25841,26432,27105,27739,28217,28640,29043,29443,29799,30064,30189,30361,31894,33669,30711,26282,24784,23780,24497,24377,23462,23045,22780,24549,25582,25706,27071,28724,29985,31419,35405,39112,40433,40339,37155,37363,38093,39165,38796,35820,34050,32640,32176,31282,30695,30258,30349,30544,29922,28621,28224,27285,26898,25378,25776,26224,26540,28362,29814,30183,30671,30363,30955,28996,26598,24662,22923,22018,20305,17906,16867,15077,13971,12482,10102,8491,6603,4886,3553,2984,3198,3694,3849,3340,2548,6577,5,child,22918
ML,Mali,1997,Male,100,227181,203876,187625,179475,171504,165564,159777,155088,150101,144750,138949,132868,127733,122134,116957,111847,106812,102494,97275,92800,87731,78959,73006,67979,64582,62042,59527,57282,54664,52549,51488,50476,49963,48878,47868,46885,45958,45118,43675,42077,40327,38559,37241,35913,34822,33635,32330,31366,30419,29648,28990,28284,27611,26581,25502,24437,23505,22701,21802,20925,20034,19103,18360,17574,16884,16119,15300,14596,13759,12922,12060,11132,10303,9354,8407,7487,6553,5736,4914,4152,3488,2869,2389,1912,1508,1160,875,646,465,327,221,147,94,57,35,21,13,7,3,3,1,45,child,33635
MY,Malaysia,2019,Female,100,286076,285369,284940,284494,284288,284219,283734,283038,282211,281683,281806,281882,281537,280912,279965,278027,276666,273886,271090,266574,261459,255152,253551,254467,253281,254397,253004,245635,241370,234864,237233,242786,241176,242434,239857,238492,236518,233873,229454,226619,224212,220331,215774,211150,206551,201745,197582,194043,190966,187231,183829,180106,176246,172041,167616,162660,157309,152222,147023,141352,135376,129019,122480,115809,109254,102791,96002,88873,81599,74610,68138,62085,57010,52624,48553,44663,40960,37538,34384,31462,28696,25916,23201,20529,17971,15597,13307,11219,9338,7674,6237,5012,3981,3121,2396,1810,1326,957,671,462,789,29,child,234864
BP,Solomon Islands,2034,Male,100,8186,8125,8079,8038,8009,7989,7965,7936,7903,7877,7868,7848,7818,7786,7759,7737,7712,7685,7637,7613,7599,7574,7546,7510,7477,7448,7417,7362,7311,7254,7195,7116,7034,6934,6828,6710,6579,6452,6310,6162,5998,5848,5686,5536,5359,5205,5052,4905,4764,4626,4489,4353,4221,4097,4019,3975,3937,3878,3834,3643,3438,3250,3068,2900,2726,2553,2376,2208,2040,1885,1740,1604,1483,1365,1258,1143,1035,925,825,721,645,566,499,440,380,330,287,244,208,172,144,113,89,68,51,37,28,18,13,8,14,91,child,113
WA,Namibia,2048,Male,100,35711,35624,35545,35499,35469,35428,35376,35310,35260,35234,35170,35094,34994,34906,34816,34697,34545,34369,34201,34034,33832,33589,33330,33100,32883,32632,32350,32046,31885,31845,31743,31602,31417,31211,30991,30766,30427,29981,29543,29102,28681,28264,27858,27474,27121,26753,26303,25420,24174,23283,22861,22413,21889,21293,20642,19941,19224,18550,17683,16560,15424,14546,13936,13321,12695,12068,11633,11095,10360,9515,8755,8122,7565,7008,6416,5801,5189,4584,4007,3474,3008,2615,2277,1966,1665,1391,1132,904,709,548,419,315,234,171,122,84,58,38,25,16,23,80,child,3008
HO,Honduras,2021,Female,100,96698,96499,96508,96462,96331,96083,96063,96298,96392,96359,96173,96249,96577,96758,96776,96592,96642,96929,97050,97002,96754,95873,94396,93181,91362,89862,88320,86432,84102,82098,80127,78109,75868,73822,71979,69852,67503,65240,63248,61217,58706,56028,53779,51551,49298,47321,45386,44357,43091,41376,39910,38624,37291,36097,34815,33721,32662,31523,30367,29165,27865,26559,25292,24083,22776,21625,20709,19299,18154,17001,15884,14848,13901,13033,12234,11283,10250,9450,8593,7823,7067,6349,5667,5029,4457,3871,3272,2834,2370,1963,1594,1260,980,742,553,394,273,184,119,78,110,5,child,96083
EC,Ecuador,2010,Male,100,151203,151417,151854,152310,152555,153133,153321,153932,154008,155164,156586,156739,156460,155672,154130,151658,148934,146320,142277,139947,139035,138393,136318,133775,130965,127804,124682,121738,119178,116660,114346,111999,109168,105879,102240,98430,95335,92770,90331,88031,86143,84282,82608,81304,79944,78548,76683,74519,72676,70914,69057,66728,64244,62241,60310,58145,55725,52957,50317,47662,44933,42294,39806,37922,36336,34596,32785,30992,29340,27722,26204,24771,23350,22092,20916,19668,18382,17094,15914,14715,13465,12167,10814,9534,8286,7087,5974,4930,4028,3234,2586,1993,1491,1099,790,551,372,244,156,98,128,47,child,74519
TK,Turks and Caicos Islands,2010,Male,96,387,369,351,342,337,329,325,322,324,326,325,330,334,329,332,332,330,328,331,334,289,301,327,355,381,415,452,485,506,528,534,540,537,531,526,523,505,495,479,449,418,387,355,347,318,314,302,294,275,252,221,206,181,170,163,151,148,140,126,104,87,70,65,52,51,55,64,59,57,51,50,37,25,26,37,33,33,32,36,29,26,21,18,13,16,11,11,9,6,7,5,6,2,4,1,2,1,0,0,0,0,35,child,523
KS,Korea South,2032,Female,100,190078,193646,196950,199850,202442,204682,206178,206275,205783,205367,204781,204332,204114,204135,204460,205638,207905,209689,210657,222771,231744,229006,223541,224271,237351,233559,219283,226116,240332,244407,259742,293048,307123,309404,325509,335755,340542,344394,342753,346201,347684,329466,301176,314513,312569,311550,320701,320927,346788,378078,406058,422004,409050,388273,355944,360095,359007,385495,413845,428647,434072,436032,427163,423942,406320,387792,388460,397004,396375,421677,412725,419249,401808,395202,361127,329024,308729,314487,254397,214939,230859,176913,169593,166644,157393,147735,122886,102175,96651,91751,92924,80085,64381,59849,48857,41376,33258,27902,21387,15512,39792,98,child,21387
BD,Bermuda,2010,Male,100,394,397,399,401,414,422,425,423,424,427,427,425,422,410,422,441,430,423,438,423,406,407,411,415,426,424,421,407,403,384,376,369,367,376,384,390,401,408,422,428,441,455,486,523,553,592,608,618,606,597,581,573,557,538,522,507,481,461,450,429,409,392,376,361,347,332,317,297,271,245,224,208,200,199,200,196,192,176,159,141,122,109,95,82,67,60,49,40,35,29,23,19,16,10,9,5,5,3,2,1,2,43,child,523
MA,Madagascar,2038,Male,100,412714,409653,407336,405773,404898,403785,402359,400540,399298,398639,397625,396217,394369,392523,390654,388266,385411,382114,378674,374969,370675,365970,360969,355606,349733,343433,336882,330231,323386,316334,309302,302333,295500,288592,281339,273861,266099,258232,253309,251206,246760,240213,233601,226886,220166,213512,205771,197336,189696,182332,175284,168212,160998,153885,146978,140286,133870,127678,121714,115911,110343,104807,99456,95220,87371,81896,78236,75493,72804,69525,65485,60820,55839,51292,46849,42579,38537,34669,31009,27483,24055,20734,17602,14739,12192,9994,8129,6543,5192,4040,3068,2263,1622,1133,776,521,345,224,143,88,122,52,child,160998
UP,Ukraine,2045,Female,100,173218,174473,175518,176109,176168,175807,175230,174434,173346,172124,170868,169615,168582,167902,167803,168198,168830,170029,172079,175057,178697,182633,187122,192154,197535,203158,208668,214350,219398,224613,230254,233506,240920,240350,234238,236377,239625,230428,219018,207750,199244,194988,185689,177382,173875,178783,185679,200331,208727,223427,232484,238768,254909,274583,292916,304752,316049,336651,342808,357711,344285,353740,346704,308043,308084,311581,292164,288618,280311,291621,278223,269393,260467,261546,248664,237220,218526,217794,209338,206586,197794,201759,203356,194340,188061,180289,159090,144018,124254,109650,92156,82636,65637,59224,49356,40908,34220,21430,15633,11194,18945,13,child,167902
GK,Guernsey,2011,Male,100,338,340,343,343,328,327,324,327,318,302,327,341,357,364,357,345,363,395,405,419,420,428,429,439,440,445,439,443,432,425,417,407,408,400,410,417,423,439,442,461,474,486,496,503,511,518,524,527,521,516,502,490,470,456,440,426,408,404,410,427,445,455,458,434,403,359,319,290,276,271,267,271,262,253,234,221,203,191,176,164,154,142,128,120,106,96,84,74,63,53,42,33,28,20,16,10,9,6,5,2,4,97,child,6
EN,Estonia,2003,Female,100,6325,6126,6019,5952,5803,5795,6056,6286,6499,6800,7582,8246,9112,10099,10808,10877,10485,10349,10512,10471,10087,9745,9570,9333,9229,9217,9362,9206,9117,9088,9343,9468,9358,9284,9183,8917,8659,8835,9183,9449,9746,10167,10467,10344,10262,10174,10103,10269,10335,9935,9805,10050,9800,9959,9988,9537,9203,8021,7026,6867,7525,9301,9559,9276,9600,9726,9328,8506,7815,7536,8066,8294,8098,7780,7651,7348,6924,6511,6074,5687,5118,4478,3562,2770,2443,1900,1446,1412,1426,1263,1036,822,633,458,313,211,143,94,60,37,55,97,child,94
TK,Turks and Caicos Islands,2016,Female,100,393,397,398,400,398,396,387,370,356,347,342,336,329,330,338,343,344,347,363,363,371,385,390,401,423,433,396,429,455,477,501,527,546,569,579,587,589,586,575,550,547,529,511,491,463,428,396,364,335,317,301,287,278,263,249,226,203,174,152,137,128,120,108,105,90,88,80,69,65,72,60,62,62,68,59,51,54,51,49,44,37,31,30,27,23,27,21,24,20,14,11,12,8,6,5,4,4,1,3,2,3,100,child,3
FO,Faroe Islands,2013,Female,100,316,309,304,306,307,313,322,336,340,344,352,335,332,339,327,339,378,383,361,372,375,389,401,377,363,338,307,260,209,169,185,224,235,246,247,245,246,297,317,290,268,265,271,297,317,325,341,330,313,302,327,314,291,313,325,304,295,287,267,266,264,275,283,307,284,246,225,211,218,234,218,187,180,166,150,155,135,127,124,120,119,126,124,111,99,101,92,80,68,65,59,47,39,33,25,20,13,11,8,4,9,7,child,336
BO,Belarus,2018,Female,100,46870,48052,49131,50069,50848,51472,51918,52142,52496,52493,51134,48373,45254,43438,42791,42658,43309,44477,44824,44336,43654,44573,47178,50785,54879,59377,62818,66064,71271,76077,78024,80975,81702,81111,82617,80016,75927,74877,73403,71807,70755,70291,69957,69308,69141,69761,69700,68066,65151,65113,66295,67314,68534,70334,73700,77115,80131,82064,81299,80816,79289,76439,73418,70181,65486,62562,61805,59984,59972,57000,51081,44896,34296,30012,28770,29622,36492,39573,40339,41725,40280,37171,32347,26428,23032,23718,21380,19544,17459,15000,12355,9728,7772,5897,4400,3196,1894,1195,779,500,775,48,child,65151
TB,Saint Barthelemy,2039,Male,100,33,33,33,34,33,35,34,34,34,34,35,35,32,28,22,17,14,13,13,14,18,24,26,34,40,47,52,54,57,56,54,55,51,51,48,49,48,46,45,44,45,42,43,44,42,42,42,44,44,41,42,43,41,42,42,41,46,41,45,46,48,46,43,47,48,49,52,48,50,46,51,48,49,48,46,48,46,45,42,39,38,36,28,30,26,23,22,16,16,14,12,9,8,5,5,4,3,1,2,1,1,92,child,8
HU,Hungary,2045,Male,100,38169,38450,38719,38972,39205,39415,39610,39778,39929,40067,40219,40400,40608,40829,41082,41353,41664,42034,42430,42846,43257,43669,44118,44550,44955,45378,45854,46359,46859,47358,47897,48525,49200,49859,50483,51064,51571,51418,51605,51793,50702,49997,50435,50938,51104,50510,50269,51488,53227,55590,57819,58612,59311,60636,61195,59785,58919,58680,58335,58165,56533,54871,55900,58004,59740,61806,64171,66064,67829,69268,67597,58961,51376,48228,45477,43753,41745,38628,34353,30434,27515,25143,22662,21045,20116,18435,16831,15469,14577,13712,12348,10185,7634,5916,4888,3875,2966,2232,1567,1103,2765,33,child,49859
SE,Seychelles,2020,Female,100,602,600,600,594,591,590,590,585,583,582,579,580,578,576,568,569,575,574,546,548,550,523,528,585,609,625,664,664,683,691,664,687,738,758,779,782,777,730,731,805,815,803,769,740,733,826,742,696,763,663,689,698,712,718,706,634,678,659,572,611,515,504,463,427,392,346,300,275,254,237,232,227,209,199,190,178,171,163,159,152,154,154,141,134,124,109,98,83,74,64,52,44,35,27,21,17,13,9,7,5,7,77,child,163
RM,Marshall Islands,1991,Female,96,788,846,838,826,869,868,853,825,792,753,713,674,628,574,522,484,461,449,443,434,425,411,395,379,363,350,337,324,313,300,293,282,275,266,257,248,239,229,219,210,198,181,168,153,138,124,117,111,105,99,96,89,82,78,72,69,65,64,60,58,57,59,60,62,63,64,61,59,53,51,48,45,43,38,35,31,28,24,22,19,16,15,11,10,7,7,6,4,2,3,0,3,0,0,1,0,1,0,0,0,0,19,child,434
WF,Wallis and Futuna,2001,Female,94,130,151,149,133,137,145,158,172,179,184,178,178,166,166,180,165,152,154,157,136,137,155,145,146,122,108,103,114,109,103,106,111,108,109,87,74,84,102,73,87,93,103,97,78,75,64,71,68,78,71,65,67,58,61,66,59,57,42,34,42,53,42,48,42,49,29,30,30,37,33,30,22,29,32,28,18,23,9,16,12,17,19,13,12,9,9,10,4,3,2,2,1,0,1,1,0,0,0,0,0,0,92,child,0
SZ,Switzerland,2008,Female,100,36667,36314,36072,36619,36402,36087,36419,37939,39856,40199,40740,41168,41531,41593,42079,43269,44157,44132,43624,44558,44567,44500,45107,45562,45936,46859,48127,49100,49812,49438,49738,50532,51378,52350,53495,54896,56960,58819,60159,62282,63410,64279,64721,65158,65160,62956,60691,58787,57432,55180,53378,52345,50880,49704,48826,48195,47372,46714,47283,47090,46874,46358,45382,43621,42703,41022,38808,36444,34493,33428,32401,31968,32059,31487,30752,29939,29386,28872,28128,26835,25672,24839,24109,22799,21250,19318,17864,15835,12760,10195,8442,7039,5804,4768,3843,2865,2043,1408,942,598,812,15,child,43269
RS,Russia,2028,Male,100,620077,624183,631932,642494,656124,672805,692248,714008,737394,762888,789136,814171,837255,858167,877260,893953,907008,916073,912579,893653,856324,798976,761693,768495,774168,748807,708837,678462,657296,663768,677501,685139,711980,740170,750714,796991,896398,987622,1068884,1196818,1253859,1252885,1194663,1201430,1213465,1136844,1074679,1058503,1027598,1008784,978307,973749,940417,915452,878724,879974,844810,834092,797573,723627,699223,712647,700915,711845,739463,748869,759816,753928,707434,675313,635480,581132,546510,513131,436339,405450,367159,324478,306754,237975,202781,168786,92221,64388,52093,62341,89625,77622,71972,60307,48188,32563,23064,14904,11276,10165,7577,5979,4027,2812,3620,71,child,581132
VC,Saint Vincent and the Grenadines,2006,Male,100,871,874,893,922,955,979,991,1003,1016,1019,1065,1091,1077,1113,1074,1016,1023,1025,1020,1008,995,969,953,922,908,893,890,879,860,835,817,811,803,804,798,803,801,800,804,800,790,781,755,742,725,700,674,649,618,600,572,548,513,483,438,401,373,345,328,317,307,295,285,279,266,263,250,240,235,224,210,199,188,178,171,163,149,144,129,116,102,92,79,69,59,49,41,34,26,20,15,12,9,6,4,3,1,2,0,1,1,72,child,188
NN,Sint Maarten,2044,Male,100,260,260,263,266,268,274,275,279,287,289,294,300,303,307,316,320,321,328,328,332,337,339,329,333,325,319,318,311,302,301,293,292,295,295,291,311,304,301,301,294,290,298,311,335,348,357,377,390,386,371,356,339,399,442,383,345,310,291,281,224,218,225,229,251,227,208,215,249,264,278,274,288,275,259,285,286,281,290,275,249,251,225,200,173,157,139,113,90,77,63,53,45,33,24,22,12,9,8,3,3,4,33,child,295
UK,United Kingdom,2015,Female,100,378593,377965,376843,375520,374670,374418,374852,375348,370770,360158,351239,343922,333033,327110,330213,340123,354897,366800,375397,381127,389399,401064,414945,429253,438257,441504,440317,444209,437603,432006,425734,415173,408185,408354,412554,408417,388409,365123,360611,371077,382638,391562,407672,426101,449519,449683,460004,463460,471265,476322,482176,478821,472000,460713,442022,421671,410308,402522,387237,368674,357483,356595,349834,344053,348106,356498,364367,388805,402450,327256,314427,303385,287417,257424,238494,241874,237780,228473,217535,205528,192973,179056,170923,164468,158550,145981,131772,117162,106745,95599,83331,72943,62728,55082,47408,37172,22798,15713,13173,10257,23120,33,child,408354
GG,Georgia,2006,Female,100,24422,25076,24918,24089,23796,23507,25285,26263,26464,27954,29645,30932,32374,36474,40328,41738,41718,38531,38811,39635,40833,40545,37554,35781,34371,34037,33260,32836,32477,32663,33081,32658,31525,31320,30505,30418,29085,29978,30925,31758,34486,36925,38140,39665,40312,42236,40812,38714,37291,36150,36395,35335,32981,33024,31597,31512,30537,27028,25047,21657,18055,14955,14462,17937,24236,30113,31635,29698,29714,26685,23795,20959,20351,22046,19996,20844,21417,21712,21196,18268,16839,14783,11131,9101,7082,6897,5711,5198,4428,3340,3195,3244,2560,2090,1582,1383,1054,765,545,381,730,9,child,27954
MY,Malaysia,2029,Female,100,288233,286940,285666,284282,283145,282392,281902,281492,280952,280502,280522,280911,281359,281691,282188,282834,283048,282916,282511,282267,282351,282127,281462,280537,279365,277175,275566,272777,270238,266267,261387,254933,253342,254374,253386,254728,253544,246346,242128,235529,237698,242992,241035,241794,238662,236695,234122,230855,225821,222305,219362,215102,210103,204972,199795,194377,189556,185344,181598,177236,173222,168909,164446,159621,154531,148882,142822,136949,130915,124424,117657,110603,103453,96284,89284,82435,75365,68130,60934,54143,47917,42167,37283,33015,29111,25473,22120,19095,16390,13976,11807,9816,8034,6457,5097,3962,3002,2230,1622,1158,2252,69,child,124424
SG,Senegal,2036,Male,100,268063,263794,260956,258321,255656,252961,250602,248519,246317,243985,241548,239190,236878,234400,231752,228823,225872,222999,219930,216685,213024,209041,204970,200762,196426,192016,187578,183096,178547,173939,169270,164160,158588,153121,147445,142093,137812,133595,129937,125979,122111,118451,114814,111175,107455,103956,100136,96826,92635,88725,84708,80727,76868,73034,69455,65633,61698,57941,54452,51182,47658,44407,42218,40183,38486,36694,34649,32507,30366,28239,26331,24435,22461,20396,18379,16489,14759,13134,11605,10196,8857,7620,6486,5461,4545,3732,3018,2399,1877,1442,1085,801,578,411,281,190,126,79,50,30,39,24,child,196426
FM,Micronesia Federated States of,2004,Male,97,1391,1383,1380,1379,1371,1372,1379,1394,1397,1410,1353,1380,1398,1408,1417,1411,1390,1357,1303,1240,1180,1117,1060,1002,947,905,873,845,807,763,711,659,621,607,594,591,583,575,569,570,573,573,572,567,556,550,538,525,512,500,479,462,438,410,382,349,322,286,254,217,185,157,134,126,121,125,123,121,119,115,113,108,98,87,74,59,49,40,34,28,22,24,20,19,16,14,13,10,11,8,7,5,4,4,1,2,1,1,0,0,0,92,child,4
CO,Colombia,2038,Male,100,332541,334635,336978,339457,342001,344601,347230,349829,352937,356503,359928,363157,366109,368872,371415,373468,375029,376090,377180,378295,378857,378991,378840,379134,379848,380148,380313,380489,381197,382278,383058,383847,384702,385375,385992,387025,388707,391775,395558,399135,402091,404152,405508,406096,405654,403974,400981,396143,389859,382445,374191,364698,353852,343031,332503,321320,309289,296505,284852,275218,270784,270461,268727,262493,252310,245155,255014,254691,250077,242689,233287,223242,212831,201981,189997,176443,162880,149511,136543,123578,110398,97687,85362,73574,62348,52364,43458,35527,28544,22548,17513,13351,10092,7584,5663,4161,2986,2098,1437,960,1559,30,child,383058
SL,Sierra Leone,2023,Female,100,115852,111471,108328,105539,102968,100579,98331,96198,94129,92096,90081,88065,86041,83983,81923,79862,77798,75857,73722,71032,68426,66049,63205,60717,59042,57733,56140,54456,52999,51958,51003,50312,50183,49619,47832,46407,44991,43129,41101,39431,37874,36488,34911,33480,32502,31454,30537,29267,28098,27528,26637,25832,25452,25294,25302,24909,23964,22097,19574,17208,15032,13333,12115,11261,10702,10112,9765,9691,9673,9922,10028,9927,9420,8681,8055,7406,6782,6069,5390,4840,4258,3708,3130,2605,2182,1788,1438,1095,812,602,431,310,212,142,98,65,41,25,14,7,9,95,child,65
CT,Central African Republic,2007,Male,100,79459,73988,71402,69577,67732,65686,63844,62235,60628,59076,57580,56205,55100,54181,53274,52323,51452,50587,49676,48288,46547,44930,43123,41106,39186,37648,35888,34453,32925,31615,30579,29209,28233,27142,26498,25924,25742,25300,24828,24234,22988,21990,20696,19775,18484,17391,16518,15801,15259,14072,12996,11834,10849,9800,8974,8464,8294,8054,7476,7281,7140,7085,7041,6827,6634,6374,6056,5724,5419,5112,4852,4604,4357,4032,3721,3389,3051,2708,2375,2072,1784,1519,1272,1040,839,659,506,380,280,200,136,90,57,34,20,12,6,4,3,1,1,63,child,6827
UK,United Kingdom,2042,Male,100,379424,379317,379063,378772,378443,378059,377749,377663,377930,378646,379793,381275,382985,384851,386981,391706,398895,406091,412983,419551,425959,432253,438340,443725,448161,450554,451526,452644,453474,453713,453711,454173,455237,456984,459838,455127,443389,437173,432798,421816,416487,420768,429878,440233,447663,452031,451607,454761,460982,464931,471879,477614,476615,469590,471351,462369,454137,442558,429366,422278,417778,414863,406084,382941,353770,342328,348307,355407,355298,359594,362988,380151,369579,363172,353807,349254,341065,322876,303590,283015,260563,248520,222244,202066,184821,163623,140372,122153,108663,94605,82052,71860,63159,55009,48946,41877,27396,20963,15912,11589,24470,18,child,412983
NH,Vanuatu,2035,Female,100,3219,3221,3220,3215,3202,3201,3208,3212,3207,3197,3190,3177,3167,3154,3144,3152,3164,3179,3186,3194,3200,3214,3225,3234,3239,3236,3235,3234,3221,3217,3194,3158,3125,3076,3036,2988,2910,2851,2783,2737,2683,2636,2561,2481,2386,2270,2166,2076,1999,1961,1922,1887,1857,1813,1774,1719,1663,1615,1566,1516,1465,1418,1364,1313,1264,1214,1158,1107,1057,998,950,890,834,774,714,654,589,530,472,428,385,345,304,267,233,201,169,143,117,95,79,63,47,37,27,21,13,11,6,4,7,91,child,63
GM,Germany,2002,Male,100,372527,386087,395378,401548,412529,416189,405574,401238,411998,424836,438112,470243,489607,493198,495120,486669,476697,469465,471556,480684,487983,493126,486814,475336,476160,474623,467235,467052,474866,503944,565817,608188,645116,688817,715469,734433,748592,760000,764777,748190,726099,708295,689206,662585,639441,624271,605701,589910,574699,566190,560133,557009,551626,522967,488330,443609,391267,427172,491692,488334,528285,589464,595524,565878,524777,494534,475281,445792,383555,335384,330570,334497,329716,313879,285957,250113,224689,194831,168088,161895,157680,144731,114372,73669,50429,45279,46809,50907,48669,40569,31865,24342,18899,14132,10299,7258,4976,3350,2123,1315,1702,13,child,493198
RM,Marshall Islands,2010,Male,100,983,970,961,948,929,908,885,862,834,804,808,810,787,725,680,636,568,504,501,597,675,680,678,732,730,708,686,652,618,584,551,517,484,443,423,406,399,386,380,360,347,332,307,296,287,277,265,264,253,248,242,245,245,243,237,233,223,208,200,185,171,152,135,123,105,97,85,86,76,69,66,53,52,49,38,38,32,30,25,21,21,21,14,16,13,8,9,6,6,3,3,2,2,1,0,0,0,0,0,0,1,89,child,3
GM,Germany,2016,Female,100,333581,332922,332255,331553,331324,331274,331332,333035,334337,330952,331022,339423,344472,348063,355119,370036,381998,389343,400673,405518,398764,399857,414694,432985,450921,482786,500892,504477,505309,498256,487121,479986,479438,487476,494252,499165,489378,472540,468250,463052,453637,449685,458337,483435,535762,576185,609635,646876,670676,685880,693242,699959,703849,690750,675625,660381,640273,613435,591333,577617,561539,549819,539255,531202,523639,517288,506873,474984,440264,399114,352217,383996,437265,429181,462091,513547,514394,483333,441311,410336,385615,351314,292694,248047,235311,227534,212398,190432,167273,146878,130777,111273,91378,77267,65807,53597,36506,19741,11303,8410,25435,41,child,449685
CD,Chad,2012,Female,100,195594,185402,179515,174996,171025,167411,164041,162639,162905,162930,159940,153953,148238,142708,137781,133448,129348,125424,121123,116561,111947,107034,103431,101724,100371,98391,95685,91721,86416,81281,76292,71838,68003,64770,61612,57981,55379,54044,52352,50631,48514,46928,46075,45145,44029,42001,40055,38786,36579,35327,33590,32345,31671,30937,30031,28657,27354,26329,25367,24402,23149,21988,21056,20074,19060,17845,16753,15848,14864,13862,12742,11727,10852,9941,9020,8068,7196,6442,5688,4965,4234,3579,3000,2473,2004,1577,1223,945,712,527,373,259,177,117,76,45,28,17,10,4,7,28,child,86416
BT,Bhutan,2023,Female,100,5982,5999,6025,6054,6086,6118,6128,6136,6155,6174,6188,6209,6248,6294,6336,6396,6466,6531,6595,6658,6710,6763,6809,6847,6873,6888,6906,6995,7020,7086,7441,7359,7603,7605,7551,7427,7444,7266,6955,6649,6370,5808,5516,5316,5087,4829,4726,4494,4249,3999,3785,3569,3380,3274,3143,3010,3078,2953,2794,2640,2487,2358,2248,2160,2068,1972,1899,1814,1722,1639,1551,1473,1383,1343,1262,1186,1151,1063,982,898,815,770,684,602,526,451,403,337,277,223,174,143,107,79,57,39,27,18,13,6,9,26,child,6906
DA,Denmark,2047,Male,100,27781,27807,27871,27977,28132,28332,28580,28877,29217,29602,30024,30475,30939,31406,31869,32307,32711,33068,33379,33629,33823,33953,34005,33974,33874,33683,33417,33112,32783,32470,32171,31920,31754,31667,31694,31830,32077,32429,32865,33368,33909,34466,35036,35566,36064,36445,36999,37111,36855,37182,37393,37901,38339,37546,36970,36015,34842,33864,32483,31026,29809,28753,27531,26469,26256,26247,26695,27505,27938,27865,27972,29091,29315,28290,28035,27644,25963,24293,23785,23825,24168,23118,21068,19154,16954,14861,13225,11623,10136,8898,7736,6596,5462,4540,3702,2920,2312,1798,1395,1091,2311,48,child,36855
KZ,Kazakhstan,2037,Female,100,143933,141943,140170,138649,137314,136311,135663,135509,135868,136787,138369,140487,143173,146370,149915,153708,157522,161382,165302,169044,172492,175387,177705,179512,180918,181912,182332,182266,176332,162810,150334,140027,133109,126747,119691,116964,115677,112977,113443,117824,123008,131962,142043,146559,150576,156627,159313,160942,167076,167335,165481,157705,155375,145456,141336,132074,127280,122561,116677,113713,117748,118787,116057,115200,119817,112867,100756,92125,92234,88345,89043,87308,89478,90129,92377,90961,89735,82227,77465,70036,61863,57057,51484,44054,40147,35735,31136,27182,21865,18251,12749,6095,3976,3870,5993,6422,5949,5045,4010,2929,4699,26,child,182332
BO,Belarus,2045,Female,100,37559,37851,38079,38218,38255,38208,38105,37951,37743,37509,37267,37029,36803,36639,36580,36663,36882,37218,37687,38312,39120,40108,41224,42410,43624,44828,46068,47319,48507,49593,50520,51286,51892,52314,52511,52840,52819,51441,48680,45562,43734,43066,42884,43471,44549,44823,44272,43529,44336,46777,50184,54053,58280,61467,64431,69229,73597,75178,77674,78017,77086,78067,75185,70925,69434,67535,65514,63935,62825,61774,60389,59352,58878,57732,55244,51726,50394,49854,49046,48218,47566,47636,47428,46659,44991,41762,38668,35078,31020,27088,23321,19398,16321,14012,11663,9860,7812,5745,4079,2477,6522,47,child,43529
ES,El Salvador,2021,Male,100,49056,48982,49089,49160,49182,49162,49417,49972,50498,50978,51254,51825,52865,53860,54940,55679,56307,56912,57550,58122,58497,58848,59115,59177,59134,58950,58232,56588,55222,53657,51776,50130,48273,46461,44571,42870,41841,41081,40260,39653,39566,39072,38297,36876,35954,35569,34494,32878,30994,29150,27603,26117,25411,25405,25204,24602,23837,23018,22270,21500,20739,19923,19242,18702,18087,17396,16664,15952,15278,14589,13877,13128,12403,11699,10985,10247,9474,8678,7873,7079,6301,5566,4902,4293,3713,3172,2687,2255,1871,1530,1219,954,719,527,376,261,176,116,74,47,63,57,child,23018
CT,Central African Republic,2014,Female,100,86404,81825,79287,77205,75317,73524,71805,70184,68566,67077,65796,64406,62638,60983,59643,58197,56770,55352,53996,52859,52044,51225,50326,49478,48575,47538,46062,44175,42348,40647,38924,36881,35145,33626,32159,30601,29300,28059,26907,26017,24688,23942,23511,23425,23140,22707,21909,20828,19632,18466,17174,16210,15425,14930,14482,13945,13428,12909,12249,11706,11229,10627,10192,9889,9426,9127,8639,8411,8046,7883,7429,7119,6732,6220,5752,5271,4808,4365,3986,3610,3135,2782,2320,1994,1602,1329,1018,810,606,455,319,226,153,104,70,42,26,14,9,5,4,47,child,20828
EK,Equatorial Guinea,2035,Female,100,12788,12627,12548,12479,12407,12350,12309,12254,12182,12095,12018,11929,11834,11728,11607,11486,11364,11231,11092,10955,10797,10637,10471,10310,10145,9969,9786,9604,9417,9232,9028,8813,8603,8393,8151,7890,7641,7397,7160,6938,6714,6494,6295,6103,5904,5723,5528,5354,5165,4987,4793,4631,4457,4351,4196,4014,3832,3659,3524,3402,3282,3144,3031,2931,2846,2752,2654,2562,2478,2363,2222,2054,1885,1724,1572,1439,1292,1168,1049,927,817,715,618,531,455,391,334,280,236,190,153,115,89,64,47,33,22,15,8,5,9,96,child,22
JE,Jersey,2020,Male,100,654,648,638,623,612,593,578,562,549,531,525,529,546,551,550,556,579,576,580,615,664,736,777,817,864,863,847,861,878,878,896,899,885,823,821,757,732,696,620,561,525,458,427,402,433,433,475,517,591,651,663,702,732,714,759,769,730,704,674,673,638,614,614,574,525,500,494,458,457,428,414,419,435,397,316,295,268,243,208,223,224,212,186,173,170,147,123,95,85,72,63,44,38,38,27,23,15,10,8,6,10,71,child,419
GM,Germany,2008,Female,100,332053,329525,330271,339092,344685,348298,355044,368670,377717,382686,392322,395387,385710,381964,392237,406794,421426,452102,472476,477855,480891,477739,470525,467455,472345,483555,491379,497501,489187,473268,469846,465096,455984,452156,460666,485978,538993,580192,614325,652374,676947,692985,701313,709083,713943,701755,687454,673159,654194,628184,606947,594448,579628,569558,560713,554528,548797,544336,535646,504140,469520,427926,380014,416806,477874,473420,515055,579213,588538,562325,523705,498228,481137,453321,392677,347274,345569,352898,350336,336243,317906,301434,291718,272395,247274,232441,221280,203038,157312,97563,64566,55948,56308,59050,53110,41320,30284,21740,15705,10794,17552,92,child,56308
CY,Cyprus,2012,Male,100,6556,6460,6370,6277,6176,6078,5907,5880,5934,5874,5948,6168,6312,6480,6759,7477,8329,9044,9699,10419,10741,10803,11008,11122,11142,11183,11301,11399,11501,11430,11556,11329,10873,10366,9906,9528,9259,9101,9031,9008,8948,8842,8726,8563,8393,8207,8055,7963,7923,7890,7904,7864,7716,7459,7106,6755,6420,6130,5891,5707,5513,5315,5142,4996,4850,4710,4526,4303,4012,3693,3384,3079,2817,2595,2385,2203,2012,1839,1666,1501,1342,1199,1034,898,766,646,536,443,347,265,197,147,107,80,54,43,27,17,11,7,9,9,child,5874
